Model,Accuracy,Precision,Recall,F1
Autoencoder,0.6221545231446222,0.8404017857142857,0.2649076517150396,0.4028353617761134
