Model,Accuracy,Precision,Recall,F1
GNN,0.9655131378522468,0.9276681270042003,0.8067835889781408,0.8630132669460814
