Model,Accuracy,Precision,Recall,F1
Hybrid,0.9571485994753322,0.845960652992884,0.8335330046939137,0.8397008487822251
