Model,Accuracy,Precision,Recall,F1
LightGBM,0.5981213505965981,0.9989339019189766,0.1648197009674582,0.2829533444058584
