Model,Accuracy,Precision,Recall,F1
LSTM,0.6086147076246086,0.8139810426540285,0.24168865435356202,0.37271124372711245
