Model,Accuracy,Precision,Recall,F1
MLP,0.6292629262926293,0.8413612565445027,0.2826737027264732,0.42317314022383146
