Model,Accuracy,Precision,Recall,F1
Transformer,0.935757277650842,0.8684676705048716,0.6162185517607086,0.720914469527256
