Model,Accuracy,Precision,Recall,F1
XGBoost,0.5367690615215368,0.9906976744186047,0.03746701846965699,0.07220338983050847
