Model,Accuracy,Precision,Recall,F1
Autoencoder,0.6183464500296183,0.8386167146974063,0.2559366754617414,0.3921832884097035
