Model,Accuracy,Precision,Recall,F1
GNN,0.9546945079123297,0.878679190297922,0.7698214741638353,0.8206561564390846
