Model,Accuracy,Precision,Recall,F1
Hybrid,0.9674303968858424,0.9752998251532987,0.7778148751890331,0.865434203050566
