Model,Accuracy,Precision,Recall,F1
IsolationForest,0.5335533553355336,0.546430488459474,0.17906772207563765,0.269740328563858
