Model,Accuracy,Precision,Recall,F1
LSTM,0.592959295929593,0.7501429388221841,0.23078276165347406,0.35297282754909876
