Model,Accuracy,Precision,Recall,F1
MLP,0.6026064144876027,0.914501257334451,0.1919085312225154,0.3172433847048561
