Model,Accuracy,Precision,Recall,F1
RandomForest,0.51992891596852,1.0,0.0021108179419525065,0.00421274354923644
