Model,Accuracy,Precision,Recall,F1
Transformer,0.9276386773292714,0.930288637194008,0.5000687393208555,0.6504783680559991
